<?xml version="1.0" encoding="UTF-8"?>
<project-private xmlns="http://www.netbeans.org/ns/project-private/1">
    <editor-bookmarks xmlns="http://www.netbeans.org/ns/editor-bookmarks/2" lastBookmarkId="0"/>
    <open-files xmlns="http://www.netbeans.org/ns/projectui-open-files/2">
        <group>
            <file>file:/C:/Users/Ikhwan%20Fikri%20Emerald/Documents/NetBeansProjects/surveyApp/src/surveyapp/SurveyGUI.java</file>
            <file>file:/C:/Users/Ikhwan%20Fikri%20Emerald/Documents/NetBeansProjects/surveyApp/src/surveyapp/Connect.java</file>
            <file>file:/C:/Users/Ikhwan%20Fikri%20Emerald/Documents/NetBeansProjects/surveyApp/src/surveyapp/SurveyProgram.java</file>
            <file>file:/C:/Users/Ikhwan%20Fikri%20Emerald/Documents/NetBeansProjects/surveyApp/src/surveyapp/Login1.java</file>
            <file>file:/C:/Users/Ikhwan%20Fikri%20Emerald/Documents/NetBeansProjects/surveyApp/src/surveyapp/Report1.java</file>
            <file>file:/C:/Users/Ikhwan%20Fikri%20Emerald/Documents/NetBeansProjects/surveyApp/src/surveyapp/ProgramOperation.java</file>
            <file>file:/C:/Users/Ikhwan%20Fikri%20Emerald/Documents/NetBeansProjects/surveyApp/src/surveyapp/Register.java</file>
            <file>file:/C:/Users/Ikhwan%20Fikri%20Emerald/Documents/NetBeansProjects/surveyApp/src/surveyapp/SurveyList.java</file>
        </group>
    </open-files>
</project-private>
